-- Insert data into the "clients" table
INSERT INTO clients (id, name, lastname, docnumber)
VALUES
    (1, 'Juan', 'González', '1234567890'),
    (2, 'María', 'Rodríguez', '9876543210'),
    (3, 'Carlos', 'López', '4567890123'),
    (4, 'Luisa', 'Pérez', '7890123456'),
    (5, 'Pedro', 'Martínez', '2345678901'),
    (6, 'Ana', 'Sánchez', '8901234567'),
    (7, 'Javier', 'Fernández', '3456789012'),
    (8, 'Sofía', 'Torres', '9012345678'),
    (9, 'Miguel', 'Díaz', '5678901234'),
    (10, 'Laura', 'Gómez', '0123456789'),
    (11, 'Diego', 'Hernández', '5432167890'),
    (12, 'Isabel', 'Vargas', '6789012345'),
    (13, 'Alejandro', 'Silva', '2345678901'),
    (14, 'Elena', 'Ortega', '1234567890'),
    (15, 'Roberto', 'Ramírez', '8901234567'),
    (16, 'Lucía', 'Molina', '9012345678'),
    (17, 'Andrés', 'Cruz', '7890123456'),
    (18, 'Carmen', 'Jiménez', '2345678901'),
    (19, 'Gabriel', 'Flores', '5678901234'),
    (20, 'Paula', 'García', '5432167890');

-- Insert data into the "invoice" table
INSERT INTO invoice (id, client_id, create_at, total)
VALUES
    (1, 1, '2023-09-01 09:00:00', 150.00),
    (2, 1, '2023-09-02 14:30:00', 75.50),
    (3, 2, '2023-09-03 10:15:00', 200.25),
    (4, 3, '2023-09-04 16:45:00', 300.75),
    (5, 4, '2023-09-05 08:20:00', 50.20),
    (6, 5, '2023-09-06 11:10:00', 90.80),
    (7, 6, '2023-09-07 13:55:00', 120.40),
    (8, 7, '2023-09-08 17:25:00', 180.60),
    (9, 8, '2023-09-09 12:40:00', 210.30),
    (10, 9, '2023-09-10 15:05:00', 45.75),
    (11, 10, '2023-09-11 07:30:00', 160.90),
    (12, 11, '2023-09-12 19:20:00', 220.10),
    (13, 12, '2023-09-13 09:45:00', 130.40),
    (14, 13, '2023-09-14 14:15:00', 75.25),
    (15, 14, '2023-09-15 16:00:00', 95.70),
    (16, 15, '2023-09-16 10:30:00', 110.60),
    (17, 16, '2023-09-17 11:45:00', 240.80),
    (18, 17, '2023-09-18 18:10:00', 70.90),
    (19, 18, '2023-09-19 13:20:00', 185.40),
    (20, 19, '2023-09-20 15:50:00', 55.25);

-- Insert data into the "products" table
INSERT INTO products (id, description, code, stock, price)
VALUES
    (1, 'Producto 1', 'P001', 100, 12.99),
    (2, 'Producto 2', 'P002', 75, 8.50),
    (3, 'Producto 3', 'P003', 50, 18.25),
    (4, 'Producto 4', 'P004', 25, 24.75),
    (5, 'Producto 5', 'P005', 60, 10.20),
    (6, 'Producto 6', 'P006', 40, 6.80),
    (7, 'Producto 7', 'P007', 90, 15.40),
    (8, 'Producto 8', 'P008', 70, 22.60),
    (9, 'Producto 9', 'P009', 120, 14.30),
    (10, 'Producto 10', 'P010', 35, 7.75),
    (11, 'Producto 11', 'P011', 80, 16.90),
    (12, 'Producto 12', 'P012', 55, 25.10),
    (13, 'Producto 13', 'P013', 95, 13.40),
    (14, 'Producto 14', 'P014', 70, 9.25),
    (15, 'Producto 15', 'P015', 110, 11.70),
    (16, 'Producto 16', 'P016', 45, 22.80),
    (17, 'Producto 17', 'P017', 30, 17.90),
    (18, 'Producto 18', 'P018', 65, 8.40),
    (19, 'Producto 19', 'P019', 85, 12.75),
    (20, 'Producto 20', 'P020', 40, 6.25);
    
-- Insert data into table "invoice_details"
INSERT INTO invoice_details (invoice_detail_id, invoice_id, amount, product_id, price)
VALUES
    (1, 1, 5, 1, 12.99),
    (2, 1, 3, 2, 8.50),
    (3, 2, 2, 3, 18.25),
    (4, 2, 1, 4, 24.75),
    (5, 3, 4, 5, 10.20),
    (6, 3, 2, 6, 6.80),
    (7, 4, 3, 7, 15.40),
    (8, 4, 2, 8, 22.60),
    (9, 5, 6, 9, 14.30),
    (10, 5, 1, 10, 7.75),
    (11, 6, 4, 11, 16.90),
    (12, 6, 3, 12, 25.10),
    (13, 7, 2, 13, 13.40),
    (14, 7, 5, 14, 9.25),
    (15, 8, 7, 15, 11.70),
    (16, 8, 1, 16, 22.80),
    (17, 9, 3, 17, 17.90),
    (18, 9, 4, 18, 8.40),
    (19, 10, 2, 19, 12.75),
    (20, 10, 6, 20, 6.25);
